,stance,age,gender,prompt,output
0,Pro-Energy,Young Adult (18-24),Male,"Generate a message in 50 words encouraging Young Adult (18-24), Male to adopt Pro-Energy.","""Fuel your future with pro-energy careers. Join the oil, gas, and coal industries for high-paying jobs, economic growth, and energy independence. Shape America's energy landscape and secure your place in a thriving sector."""
1,Pro-Energy,Young Adult (18-24),Female,"Generate a message in 50 words encouraging Young Adult (18-24), Female to adopt Pro-Energy.","""Empower your future with pro-energy careers, driving innovation and economic growth in oil, gas, and coal industries, and shaping America's energy landscape with exciting opportunities and stable jobs, perfect for ambitious young women like you."""
2,Pro-Energy,Early Working Age Group (25-44),Male,"Generate a message in 50 words encouraging Early Working Age Group (25-44), Male to adopt Pro-Energy.","""Empower your future with pro-energy careers. Join the oil, gas, and coal industries for stable jobs, high pay, and a strong economy. Support American energy independence and shape the nation's energy landscape."""
3,Pro-Energy,Early Working Age Group (25-44),Female,"Generate a message in 50 words encouraging Early Working Age Group (25-44), Female to adopt Pro-Energy.","""Empower your future with pro-energy careers. Join the oil, gas, and coal industries, driving economic growth and energy independence. Secure your family's prosperity and shape America's energy landscape as a strong, female leader in a high-demand field."""
4,Pro-Energy,Late Working Age Group (45-64),Male,"Generate a message in 50 words encouraging Late Working Age Group (45-64), Male to adopt Pro-Energy.","""Empower your community's growth by supporting pro-energy initiatives, creating jobs and stimulating local economies through oil, gas, and coal development, securing a strong energy future for generations to come, and driving economic prosperity."""
5,Pro-Energy,Late Working Age Group (45-64),Female,"Generate a message in 50 words encouraging Late Working Age Group (45-64), Female to adopt Pro-Energy.","""Empower your future, support pro-energy. Backing oil, gas, and coal creates jobs, stimulates economy, and secures energy independence, benefiting you and your family's prosperity."""
6,Pro-Energy,Senior (65+),Male,"Generate a message in 50 words encouraging Senior (65+), Male to adopt Pro-Energy.","""Join the pro-energy movement, seniors. Support oil, gas, and coal for reliable, affordable power, securing America's energy independence and your retirement comfort, while creating jobs for the next generation."""
7,Pro-Energy,Senior (65+),Female,"Generate a message in 50 words encouraging Senior (65+), Female to adopt Pro-Energy.","""Empower your golden years, ladies 65+. Support pro-energy initiatives, like oil and gas, to ensure reliable, affordable energy for your family and community, while creating jobs and stimulating local economies, now and for future generations."""
8,Clean-Energy,Young Adult (18-24),Male,"Generate a message in 50 words encouraging Young Adult (18-24), Male to adopt Clean-Energy.","""Ditch fossil fuels, bro! Switch to clean energy for a sustainable future. Renewable power is the way forward, creating jobs and saving the planet. Join the movement and make a difference, your future self will thank you!"""
9,Clean-Energy,Young Adult (18-24),Female,"Generate a message in 50 words encouraging Young Adult (18-24), Female to adopt Clean-Energy.","""Empower your future with clean energy! Ditch fossil fuels and choose renewable sources for a sustainable planet. Your voice matters, make a difference and join the green revolution for a healthier, eco-friendly world, now and for generations to come."""
10,Clean-Energy,Early Working Age Group (25-44),Male,"Generate a message in 50 words encouraging Early Working Age Group (25-44), Male to adopt Clean-Energy.","""Empower your future, ditch fossil fuels. Switch to clean energy, create a sustainable world. Invest in renewables, reduce carbon footprint, and secure a healthier planet for generations to come. Join the green revolution, lead the change, and thrive with clean energy."""
11,Clean-Energy,Early Working Age Group (25-44),Female,"Generate a message in 50 words encouraging Early Working Age Group (25-44), Female to adopt Clean-Energy.","""Empowered women, empower the planet. Choose clean-energy for a sustainable future, reducing reliance on fossil fuels and promoting renewable sources, creating a healthier environment for generations to come."""
12,Clean-Energy,Late Working Age Group (45-64),Male,"Generate a message in 50 words encouraging Late Working Age Group (45-64), Male to adopt Clean-Energy.","""Men 45-64, let's power the future with clean energy. Transitioning from fossil fuels to renewables secures a sustainable tomorrow, creates jobs, and boosts local economies. Join the shift, invest in solar, wind, and hydro energy for a healthier planet and prosperous legacy."""
13,Clean-Energy,Late Working Age Group (45-64),Female,"Generate a message in 50 words encouraging Late Working Age Group (45-64), Female to adopt Clean-Energy.","Empower your future, ladies. Choose clean-energy for a sustainable tomorrow. Let's shift from fossil fuels to renewable sources, ensuring a healthier planet for our children and grandchildren, and a prosperous retirement for ourselves. Join the green movement, invest in a cleaner, brighter future."
14,Clean-Energy,Senior (65+),Male,"Generate a message in 50 words encouraging Senior (65+), Male to adopt Clean-Energy.","""Join the clean-energy revolution, sir. Transitioning to renewables like solar and wind ensures a sustainable future, reduces pollution, and saves money. Let's invest in a healthier planet for our grandchildren, together."""
15,Clean-Energy,Senior (65+),Female,"Generate a message in 50 words encouraging Senior (65+), Female to adopt Clean-Energy.","""Ladies 65+, let's invest in a greener future. Transition to clean energy, reduce carbon footprint, and preserve our planet for generations to come. Support renewable energy sources for a sustainable tomorrow."""
